<?xml version="1.0" encoding="UTF-8"?>
<!DOCTYPE mapper PUBLIC "-//mybatis.org//DTD Mapper 3.0//EN" "http://mybatis.org/dtd/mybatis-3-mapper.dtd" >
<mapper namespace="com.baizhi.dao.CategoryDao">
    <resultMap id="vo" type="CategoryVO">
        <result property="name" column="category_name"></result>
        <result property="type" column="category_type"></result>
        <collection property="foods" ofType="Product">
            <id property="productId" column="product_id"></id>
            <result property="productName" column="product_name"></result>
            <result property="productPrice" column="product_price"></result>
            <result property="productDescription" column="product_description"></result>
            <result property="productIcon" column="product_icon"></result>
        </collection>
    </resultMap>
    <select id="selectAllCategoryVO" resultMap="vo">
      select * from category a left join product b on a.category_type = b.category_type
    </select>
</mapper>